id,conversation_id,created_at,date,time,timezone,user_id,username,name,place,tweet,language,mentions,urls,photos,replies_count,retweets_count,likes_count,hashtags,cashtags,link,retweet,quote_url,video,thumbnail,near,geo,source,user_rt_id,user_rt,retweet_id,reply_to,retweet_date,translate,trans_src,trans_dest
1509748690524971018,1509748690524971018,2022-04-01 09:55:12 IST,2022-04-01,09:55:12,+0530,1546101560,reallyswara,Swara Bhasker,,ğŸ˜‚ğŸ˜‚ğŸ”¥ğŸ”¥,und,[],[],[],23,24,339,[],[],https://twitter.com/ReallySwara/status/1509748690524971018,False,https://twitter.com/jasonphilip8/status/1509495119036436483,0,,,,,,,,[],,,,
1509748326165774338,1509748326165774338,2022-04-01 09:53:45 IST,2022-04-01,09:53:45,+0530,1546101560,reallyswara,Swara Bhasker,,ğŸ˜‚ğŸ˜‚ğŸ˜‚ğŸ˜‚ğŸ˜‚ğŸ˜‚,und,[],[],[],66,93,682,[],[],https://twitter.com/ReallySwara/status/1509748326165774338,False,https://twitter.com/saurabh_mlagk/status/1509738313552637955,0,,,,,,,,[],,,,
1509428455355551748,1509427591341502467,2022-03-31 12:42:42 IST,2022-03-31,12:42:42,+0530,1546101560,reallyswara,Swara Bhasker,,Street art in #SanFrancisco (part 2)  https://t.co/eyZNyAFpnj,en,[],[],"['https://pbs.twimg.com/media/FPKRKoIVsAMZ9nK.jpg', 'https://pbs.twimg.com/media/FPKRKqBVQAAfUCX.jpg', 'https://pbs.twimg.com/media/FPKRKqCVIAAub0v.jpg', 'https://pbs.twimg.com/media/FPKRK2AVkAE3kb4.jpg']",19,19,505,['sanfrancisco'],[],https://twitter.com/ReallySwara/status/1509428455355551748,False,,1,https://pbs.twimg.com/media/FPKRKoIVsAMZ9nK.jpg,,,,,,,[],,,,
1509427591341502467,1509427591341502467,2022-03-31 12:39:16 IST,2022-03-31,12:39:16,+0530,1546101560,reallyswara,Swara Bhasker,,Brilliant street art in #SanFrancisco  https://t.co/JmK1EnRdz8,en,[],[],"['https://pbs.twimg.com/media/FPKQXYzVIAAqu43.jpg', 'https://pbs.twimg.com/media/FPKQYC-VgAEn9M1.jpg', 'https://pbs.twimg.com/media/FPKQYhRVgAMMf6j.jpg', 'https://pbs.twimg.com/media/FPKQY6yVEAEI4KZ.jpg']",102,89,2058,['sanfrancisco'],[],https://twitter.com/ReallySwara/status/1509427591341502467,False,,1,https://pbs.twimg.com/media/FPKQXYzVIAAqu43.jpg,,,,,,,[],,,,
1509342079671234560,1509342079671234560,2022-03-31 06:59:28 IST,2022-03-31,06:59:28,+0530,1546101560,reallyswara,Swara Bhasker,,Yaaaaas Queen! ğŸ’•,es,[],[],[],1069,1257,12577,[],[],https://twitter.com/ReallySwara/status/1509342079671234560,False,https://twitter.com/ani/status/1509095387352633347,0,,,,,,,,[],,,,
1508863635606863875,1508863635606863875,2022-03-29 23:18:18 IST,2022-03-29,23:18:18,+0530,1546101560,reallyswara,Swara Bhasker,,Sending love and strength ğŸ™ğŸ½âœ¨,en,[],[],[],31,15,349,[],[],https://twitter.com/ReallySwara/status/1508863635606863875,False,https://twitter.com/joydas/status/1508849810865983488,0,,,,,,,,[],,,,
1508608149464715268,1508608149464715268,2022-03-29 06:23:06 IST,2022-03-29,06:23:06,+0530,1546101560,reallyswara,Swara Bhasker,,A new kind of apartheid.,en,[],[],[],289,210,1184,[],[],https://twitter.com/ReallySwara/status/1508608149464715268,False,https://twitter.com/samar11/status/1508324053039579138,0,,,,,,,,[],,,,
1508498402568400896,1508498402568400896,2022-03-28 23:07:00 IST,2022-03-28,23:07:00,+0530,1546101560,reallyswara,Swara Bhasker,,"Nothing like the pleasure of a home cooked meal when youâ€™re on a â€˜foreign tripâ€™.. Yeah I love the pizzas, pastas and burritos but kobbari-patchadi-annam, pappu-Annam, koora-annam, perugu- annam.. the Andhra in me is satisfied! ğŸ˜âœ¨ Iâ€™m ur daughter @theUdayB ğŸ¤“ğŸ˜‚  https://t.co/mqZvSxvob1",en,"[{'screen_name': 'theudayb', 'name': 'c uday bhaskar', 'id': '2831129138'}]",[],['https://pbs.twimg.com/media/FO9DTH-VsAMioo1.jpg'],751,205,5308,[],[],https://twitter.com/ReallySwara/status/1508498402568400896,False,,1,https://pbs.twimg.com/media/FO9DTH-VsAMioo1.jpg,,,,,,,[],,,,
1508491154983043074,1508491154983043074,2022-03-28 22:38:12 IST,2022-03-28,22:38:12,+0530,1546101560,reallyswara,Swara Bhasker,,Best of luck Prashant! âœ¨,en,[],[],[],40,33,428,[],[],https://twitter.com/ReallySwara/status/1508491154983043074,False,https://twitter.com/scribe_prashant/status/1508424508340051972,0,,,,,,,,[],,,,
1508490379875663873,1508490379875663873,2022-03-28 22:35:07 IST,2022-03-28,22:35:07,+0530,1546101560,reallyswara,Swara Bhasker,,All the best for new beginnings! âœ¨,en,[],[],[],45,23,458,[],[],https://twitter.com/ReallySwara/status/1508490379875663873,False,https://twitter.com/bhupenderc19/status/1507215954228686849,0,,,,,,,,[],,,,
1508346577152200705,1508346577152200705,2022-03-28 13:03:42 IST,2022-03-28,13:03:42,+0530,1546101560,reallyswara,Swara Bhasker,,Read this thread..,en,[],[],[],63,52,427,[],[],https://twitter.com/ReallySwara/status/1508346577152200705,False,https://twitter.com/zyadaahorahahai/status/1508086827529342979,0,,,,,,,,[],,,,
1508017388742057991,1508017388742057991,2022-03-27 15:15:37 IST,2022-03-27,15:15:37,+0530,1546101560,reallyswara,Swara Bhasker,,Grief is a pendant you wear around your heart. â¤ï¸â€ğŸ©¹,en,[],[],[],171,115,2576,[],[],https://twitter.com/ReallySwara/status/1508017388742057991,False,,0,,,,,,,,[],,,,
1507650026230599684,1507650026230599684,2022-03-26 14:55:51 IST,2022-03-26,14:55:51,+0530,1546101560,reallyswara,Swara Bhasker,,Feeling like the Swan at the end of the duckling story ğŸ¤“ğŸ¦¢ğŸ¤ @RahulMishra_7 you genius ğŸ¤—âœ¨  https://t.co/uhiOWqH2bm,en,"[{'screen_name': 'rahulmishra_7', 'name': 'rahul mishra', 'id': '573624992'}]",[],"['https://pbs.twimg.com/media/FOw_sy3UYAM_p9J.jpg', 'https://pbs.twimg.com/media/FOw_sy2VQAIGYB4.jpg', 'https://pbs.twimg.com/media/FOw_sz4VIAE0xWI.jpg', 'https://pbs.twimg.com/media/FOw_s6aUcAYOG-w.jpg']",2928,288,6605,[],[],https://twitter.com/ReallySwara/status/1507650026230599684,False,,1,https://pbs.twimg.com/media/FOw_sy3UYAM_p9J.jpg,,,,,,,[],,,,
1507244528834469888,1507244528834469888,2022-03-25 12:04:33 IST,2022-03-25,12:04:33,+0530,1546101560,reallyswara,Swara Bhasker,,Iâ€™ve not seen such a brilliant roast in a while ğŸ˜‚ğŸ”¥ @ArvindKejriwal sir.. brilliant delivery also! ğŸ¤£ğŸ¤£ğŸ‘ğŸ½ğŸ‘ğŸ½ğŸ‘ğŸ½,en,"[{'screen_name': 'arvindkejriwal', 'name': 'arvind kejriwal', 'id': '405427035'}]",[],[],2060,1626,10125,[],[],https://twitter.com/ReallySwara/status/1507244528834469888,False,https://twitter.com/indian_nagrik/status/1506962307917791239,0,,,,,,,,[],,,,
1507147558287597570,1507147558287597570,2022-03-25 05:39:14 IST,2022-03-25,05:39:14,+0530,1546101560,reallyswara,Swara Bhasker,,Thank you @Uber_Support for your prompt response and for resolving the issue ğŸ™ğŸ½âœ¨ #satisfiedcustomer,en,"[{'screen_name': 'uber_support', 'name': 'uber support', 'id': '2815754953'}]",[],[],87,23,402,['satisfiedcustomer'],[],https://twitter.com/ReallySwara/status/1507147558287597570,False,https://twitter.com/ReallySwara/status/1506710608925790208,0,,,,,,,,[],,,,
1507120305801629698,1507120305801629698,2022-03-25 03:50:56 IST,2022-03-25,03:50:56,+0530,1546101560,reallyswara,Swara Bhasker,,"My Cinderella evening!  Thank you @RahulMishra_7 for the gorgeous outfit, Priyanka Yadav (styling), #KateKats (HMU), #Tissan (photos) for getting me #Hollywood ready! ğŸ’›âœ¨ No, did not lose my sandals, so I guess thereâ€™s no Prince Charming but I did have a blast! ğŸ¥³ğŸ¤©  https://t.co/bvVz725L73",en,"[{'screen_name': 'rahulmishra_7', 'name': 'rahul mishra', 'id': '573624992'}]",[],[],657,83,1681,"['katekats', 'tissan', 'hollywood']",[],https://twitter.com/ReallySwara/status/1507120305801629698,False,,1,https://pbs.twimg.com/ext_tw_video_thumb/1507120129506611200/pu/img/JNfUJ3OPunkEX1WA.jpg,,,,,,,[],,,,
1507087246595268608,1507087246595268608,2022-03-25 01:39:34 IST,2022-03-25,01:39:34,+0530,1546101560,reallyswara,Swara Bhasker,,Twitter is not Twitter without @RoflGandhi_ !!!! #nuffsaid @TwitterSupport @TwitterIndia,en,"[{'screen_name': 'roflgandhi_', 'name': 'rofl gandhi 2.0 ğŸ¹', 'id': '115887279'}, {'screen_name': 'twittersupport', 'name': 'twitter support', 'id': '17874544'}, {'screen_name': 'twitterindia', 'name': 'twitter india', 'id': '103770785'}]",[],[],401,783,4655,['nuffsaid'],[],https://twitter.com/ReallySwara/status/1507087246595268608,False,,0,,,,,,,,[],,,,
1507033079361146886,1507033079361146886,2022-03-24 22:04:20 IST,2022-03-24,22:04:20,+0530,1546101560,reallyswara,Swara Bhasker,,ğŸ˜‚ğŸ˜‚ğŸ”¥ğŸ”¥ touchÃ© Chadha ji!,cs,[],[],[],59,35,598,[],[],https://twitter.com/ReallySwara/status/1507033079361146886,False,https://twitter.com/raghav_chadha/status/1507032730554429442,0,,,,,,,,[],,,,
1507022426667819010,1507022426667819010,2022-03-24 21:22:00 IST,2022-03-24,21:22:00,+0530,1546101560,reallyswara,Swara Bhasker,,Arre waah @raghav_chadha ! ğŸ‘ğŸ½ğŸ‘ğŸ½ğŸ‘ğŸ½âœ¨âœ¨âœ¨ I guess we have to suffix your name with â€˜jiâ€™ now ğŸ¤“ Do we still get to force you onto the dance floor at Diwali parties though? ğŸ¤£ğŸ¤£ğŸ¤£ Many congratulations Chadha ji.. go long go strong! ğŸ¤—   https://t.co/8jE73hyz3o,en,"[{'screen_name': 'raghav_chadha', 'name': 'raghav chadha', 'id': '98815583'}]",['https://indianexpress.com/article/india/political-pulse/raghav-chadhas-anti-corruption-movement-aap-rajya-sabha-punjab-7833878/'],[],94,60,616,[],[],https://twitter.com/ReallySwara/status/1507022426667819010,False,,0,,,,,,,,[],,,,
1507021333384757256,1507021333384757256,2022-03-24 21:17:39 IST,2022-03-24,21:17:39,+0530,1546101560,reallyswara,Swara Bhasker,,ğŸ˜‚ğŸ”¥,und,[],[],[],3024,3558,19068,[],[],https://twitter.com/ReallySwara/status/1507021333384757256,False,https://twitter.com/abhijeet_dipke/status/1506960348372381696,0,,,,,,,,[],,,,
1507021179508322317,1507021179508322317,2022-03-24 21:17:02 IST,2022-03-24,21:17:02,+0530,1546101560,reallyswara,Swara Bhasker,,#FreeUmarKhalid,und,[],[],[],1615,2290,8285,['freeumarkhalid'],[],https://twitter.com/ReallySwara/status/1507021179508322317,False,https://twitter.com/FahadZirarAhmad/status/1506935736230023176,0,,,,,,,,[],,,,
1506991988637270016,1506991988637270016,2022-03-24 19:21:03 IST,2022-03-24,19:21:03,+0530,1546101560,reallyswara,Swara Bhasker,,ğŸ¤—ğŸ¤—ğŸ’›ğŸ’› Thanks Dad!!,en,[],[],[],39,25,391,[],[],https://twitter.com/ReallySwara/status/1506991988637270016,False,https://twitter.com/theUdayB/status/1506922965707145220,0,,,,,,,,[],,,,
1506905026207227906,1506905026207227906,2022-03-24 13:35:29 IST,2022-03-24,13:35:29,+0530,1546101560,reallyswara,Swara Bhasker,,"Five years ago, this day..the film Iâ€™m most proud of .. #AnaarkaliOfAarah released! Thank u every single person who worked on the film &amp; created Bollywoodâ€™s most unusual &amp; feminist female protagonist ğŸ’› @avinashonly @TripathiiPankaj @RaviRandhawa77 @SandiipKapur @rohitdecomposer  https://t.co/xgBHIb25tj",en,"[{'screen_name': 'avinashonly', 'name': 'avinash das', 'id': '1747121'}, {'screen_name': 'tripathiipankaj', 'name': 'à¤ªà¤‚à¤•à¤œ à¤¤à¥à¤°à¤¿à¤ªà¤¾à¤ à¥€', 'id': '721410163744190464'}, {'screen_name': 'ravirandhawa77', 'name': 'ravinder randhawa', 'id': '585111027'}, {'screen_name': 'sandiipkapur', 'name': 'sandiip kapur', 'id': '2301076164'}, {'screen_name': 'rohitdecomposer', 'name': 'rohit sharma', 'id': '585511435'}]",[],[],160,56,698,['anaarkaliofaarah'],[],https://twitter.com/ReallySwara/status/1506905026207227906,False,,1,https://pbs.twimg.com/ext_tw_video_thumb/1506904967759622146/pu/img/cF4ZER2m1I7kO0Cf.jpg,,,,,,,[],,,,
1506901271814365185,1506901271814365185,2022-03-24 13:20:34 IST,2022-03-24,13:20:34,+0530,1546101560,reallyswara,Swara Bhasker,,"â€œà¤¦à¥‡à¤¸à¥€ à¤¤à¤‚à¤¦à¥‚à¤°, à¤¬à¤¿à¤¦à¥‡à¤¸à¥€ à¤“à¤µà¥‡à¤¨!  à¤…à¤¨à¤¾à¤°à¤•à¤²à¥€ à¤…à¤‚à¤—à¤¾à¤°à¤¾ à¤«à¤¼à¥à¤°à¥‹à¤® à¤‡à¤‚à¤—à¥à¤²à¤¿à¤¸à¤ªà¥à¤° à¤†à¤°à¤¾!â€ à¤¬à¤µà¤¾à¤² à¤•à¥‡ à¤ªà¤¾à¤à¤š à¤¸à¤¾à¤² â£ï¸ @TripathiiPankaj sir à¤¨à¥‡ @avinashonly sir à¤•à¥‡ à¤°à¤‚à¤—à¥€à¤²à¤¾ à¤•à¥‹ à¤¯à¥‡ à¤•à¤®à¤¾à¤² à¤•à¥€ à¤²à¤¾à¤‡à¤¨ à¤¦à¥‡à¤•à¤° à¤…à¤¨à¤¾à¤°à¤•à¤²à¥€ à¤•à¥‹ à¤…à¤«à¤¼à¤¸à¤¾à¤¨à¤¾ à¤¬à¤¨à¤¾ à¤¦à¤¿à¤¯à¤¾! ğŸ™ğŸ½ Thank u @SandiipKapur @RaviRandhawa77 #ramkumarsingh @rohitdecomposer #sanjaymishra  https://t.co/2QuODlqfmb",hi,"[{'screen_name': 'tripathiipankaj', 'name': 'à¤ªà¤‚à¤•à¤œ à¤¤à¥à¤°à¤¿à¤ªà¤¾à¤ à¥€', 'id': '721410163744190464'}, {'screen_name': 'avinashonly', 'name': 'avinash das', 'id': '1747121'}, {'screen_name': 'sandiipkapur', 'name': 'sandiip kapur', 'id': '2301076164'}, {'screen_name': 'ravirandhawa77', 'name': 'ravinder randhawa', 'id': '585111027'}, {'screen_name': 'rohitdecomposer', 'name': 'rohit sharma', 'id': '585511435'}]",[],['https://pbs.twimg.com/media/FOmWtojUYAAyTfh.jpg'],152,57,808,"['ramkumarsingh', 'sanjaymishra']",[],https://twitter.com/ReallySwara/status/1506901271814365185,False,,1,https://pbs.twimg.com/media/FOmWtojUYAAyTfh.jpg,,,,,,,[],,,,
1506889549703647234,1506889549703647234,2022-03-24 12:33:59 IST,2022-03-24,12:33:59,+0530,1546101560,reallyswara,Swara Bhasker,,ğŸ’”,und,[],[],[],4201,1438,10165,[],[],https://twitter.com/ReallySwara/status/1506889549703647234,False,https://twitter.com/FahadZirarAhmad/status/1506889333994778624,0,,,,,,,,[],,,,
1506880628804915201,1506880628804915201,2022-03-24 11:58:33 IST,2022-03-24,11:58:33,+0530,1546101560,reallyswara,Swara Bhasker,,. @ShyamRangeela ji ğŸ™ğŸ½  https://t.co/suJryXyX5z,und,"[{'screen_name': 'shyamrangeela', 'name': 'shyam rangeela', 'id': '850344250961035265'}]",[],['https://pbs.twimg.com/media/FOmD8P2VgAAoMnj.jpg'],696,428,3366,[],[],https://twitter.com/ReallySwara/status/1506880628804915201,False,,1,https://pbs.twimg.com/media/FOmD8P2VgAAoMnj.jpg,,,,,,,[],,,,
1506875036128342016,1506875036128342016,2022-03-24 11:36:19 IST,2022-03-24,11:36:19,+0530,1546101560,reallyswara,Swara Bhasker,,"à¤•à¤°à¥à¤¨à¤¾à¤Ÿà¤• à¤®à¥‡à¤‚ à¤…à¤—à¤° à¤µà¥‹ à¤¹à¤¿à¤œà¤¾à¤¬ à¤ªà¤¹à¤¨à¥‡à¤‚.. ğŸ™ğŸ½  à¤•à¤¿à¤¸à¥€ à¤¸à¥‡ à¤ªà¥à¤¯à¤¾à¤° à¤¹à¥‹ à¤”à¤° à¤µà¥‹ à¤—à¤¼à¤²à¤¤ à¤°à¤¾à¤¹ à¤ªà¤° à¤¹à¥‹, à¤¤à¥‹ à¤‰à¤¸à¥‡ à¤°à¥‹à¤•à¤¨à¤¾ à¤šà¤¾à¤¹à¤¿à¤à¥¤ à¤§à¤¾à¤°à¥à¤®à¤¿à¤• à¤•à¤Ÿà¥à¤Ÿà¤°à¤ªà¤¨ à¤µ à¤§à¤°à¥à¤® à¤°à¤¾à¤œà¤¤à¤‚à¤¤à¥à¤° à¤•à¤¾ à¤†à¤§à¤¾à¤° à¤¹à¥‹à¤¨à¥‡ à¤•à¥€ à¤µà¤œà¤¹ à¤¸à¥‡ Afghanistan à¤†à¤œ à¤¬à¥‡à¤¹à¤¾à¤² à¤¹à¥ˆ.. à¤­à¤¾à¤°à¤¤ à¤®à¥‡à¤‚ à¤§à¤¾à¤°à¥à¤®à¤¿à¤• à¤•à¤Ÿà¥à¤Ÿà¤°à¤ªà¤¨ à¤¬à¤¢à¤¼ à¤°à¤¹à¤¾ à¤¹à¥ˆ, normalise à¤¹à¥‹ à¤°à¤¹à¤¾ à¤¹à¥ˆ.. à¤¹à¤® à¤¦à¥‡à¤¶ à¤¸à¥‡ à¤ªà¥à¤¯à¤¾à¤° à¤•à¤°à¤¤à¥‡ à¤¹à¥ˆà¤‚ à¤¤à¤­à¥€ à¤†à¤µà¤¾à¤œà¤¼ à¤‰à¤ à¤¾à¤¤à¥‡ à¤¹à¥ˆà¤‚",hi,[],[],[],917,383,2384,[],[],https://twitter.com/ReallySwara/status/1506875036128342016,False,https://twitter.com/shyamrangeela/status/1506832564493111301,0,,,,,,,,[],,,,
1506746790523011074,1506746790523011074,2022-03-24 03:06:43 IST,2022-03-24,03:06:43,+0530,1546101560,reallyswara,Swara Bhasker,,"Familiar, India?????",es,[],[],[],1558,941,5527,[],[],https://twitter.com/ReallySwara/status/1506746790523011074,False,https://twitter.com/BBCYaldaHakim/status/1506596899465408521,0,,,,,,,,[],,,,
1506710608925790208,1506710608925790208,2022-03-24 00:42:57 IST,2022-03-24,00:42:57,+0530,1546101560,reallyswara,Swara Bhasker,,Hey @Uber_Support  One of your drivers here in LA just took off with all my groceries in his car while I was on a pre-added stop! It seems thereâ€™s no way to report this on your app - itâ€™s not a lost item! He just just took it. Can I please have my stuff back? ğŸ’ğŸ¾â€â™€ï¸ #touristproblems,en,"[{'screen_name': 'uber_support', 'name': 'uber support', 'id': '2815754953'}]",[],[],2592,707,6960,['touristproblems'],[],https://twitter.com/ReallySwara/status/1506710608925790208,False,,0,,,,,,,,[],,,,
1506516623825375232,1506516623825375232,2022-03-23 11:52:07 IST,2022-03-23,11:52:07,+0530,1546101560,reallyswara,Swara Bhasker,,"For all those interested in how social media is changing our politics.. fantastic panels at ""Social Media Influencers and the New Political Economy in South Asia and Africa"" conference at @UMich April 7-8, in-person &amp; online. Register now and tune in !! See you there ğŸ’•",en,"[{'screen_name': 'umich', 'name': 'university of michigan', 'id': '88836132'}]",[],[],74,25,177,[],[],https://twitter.com/ReallySwara/status/1506516623825375232,False,https://twitter.com/joyopal/status/1506401603418406913,0,,,,,,,,[],,,,
1506516079304081409,1506516079304081409,2022-03-23 11:49:57 IST,2022-03-23,11:49:57,+0530,1546101560,reallyswara,Swara Bhasker,,Excited to be part of this! Looking forward âœ¨ğŸ¤—,en,[],[],[],35,18,243,[],[],https://twitter.com/ReallySwara/status/1506516079304081409,False,https://twitter.com/joyopal/status/1506401559902507011,0,,,,,,,,[],,,,
1506138815437721607,1506138815437721607,2022-03-22 10:50:50 IST,2022-03-22,10:50:50,+0530,1546101560,reallyswara,Swara Bhasker,,à¤œà¤¨à¥à¤®à¤¦à¤¿à¤¨ à¤•à¥€ à¤¢à¥‡à¤°à¥‹à¤‚ à¤¶à¥à¤­à¤•à¤¾à¤®à¤¨à¤¾à¤à¤ @SanjayAzadSln à¤œà¥€ à¤•à¥‹.. à¤†à¤ª à¤¹à¤®à¥‡à¤¶à¤¾ à¤œà¤¨à¤¤à¤¾ à¤•à¤¾ à¤¨à¥‡à¤¤à¥ƒà¤¤à¥à¤µ à¤‡à¤¸à¥€ à¤œà¤œà¤¼à¥à¤¬à¥‡ à¤¸à¥‡ à¤•à¤°à¥‡à¤‚ à¤”à¤° à¤…à¤ªà¤¨à¥‡ à¤…à¤‚à¤¦à¤° à¤•à¥‡ activist à¤”à¤° à¤¸à¤®à¤¾à¤œ à¤¸à¥‡à¤µà¤• à¤•à¥‹ à¤¬à¤šà¤¾ à¤•à¥‡ à¤°à¤–à¥‡à¤‚! More power to you sir.. all my very bests.. ğŸ™ğŸ½ğŸ™ğŸ½âœ¨âœ¨,hi,"[{'screen_name': 'sanjayazadsln', 'name': 'sanjay singh aap', 'id': '328941811'}]",[],[],93,77,983,[],[],https://twitter.com/ReallySwara/status/1506138815437721607,False,,0,,,,,,,,[],,,,
1506067381487079425,1506067381487079425,2022-03-22 06:06:59 IST,2022-03-22,06:06:59,+0530,1546101560,reallyswara,Swara Bhasker,,No wordsâ€¦,en,[],[],[],1226,1369,4366,[],[],https://twitter.com/ReallySwara/status/1506067381487079425,False,https://twitter.com/AnujaJaiswalTOI/status/1505945873875804163,0,,,,,,,,[],,,,
1505929130856132608,1505929130856132608,2022-03-21 20:57:38 IST,2022-03-21,20:57:38,+0530,1546101560,reallyswara,Swara Bhasker,,Many congratulations! ğŸ‘ğŸ½ğŸ‘ğŸ½ğŸ‘ğŸ½ğŸ‘ğŸ½,en,[],[],[],139,135,2038,[],[],https://twitter.com/ReallySwara/status/1505929130856132608,False,https://twitter.com/raghav_chadha/status/1505868293491814406,0,,,,,,,,[],,,,
1505911621197180929,1505911621197180929,2022-03-21 19:48:03 IST,2022-03-21,19:48:03,+0530,1546101560,reallyswara,Swara Bhasker,,Happy happy birthday @MARIJKEdeSOUZA !! â£ï¸âœ¨ May you always have reason to celebrate..,en,"[{'screen_name': 'marijkedesouza', 'name': 'marijke desouza', 'id': '63958123'}]",[],[],14,10,189,[],[],https://twitter.com/ReallySwara/status/1505911621197180929,False,https://twitter.com/futterwackening/status/1505804229692190723,0,,,,,,,,[],,,,
1505711672241135621,1505711672241135621,2022-03-21 06:33:32 IST,2022-03-21,06:33:32,+0530,1546101560,reallyswara,Swara Bhasker,,Discovered that buckwheat flour is koottoo Ka aattaa &amp; crepes are basically dosa ka bhai ! Feeling a mix of Nirjala Vrat and European vibes!! #traveldiaries  https://t.co/tIKXnwkNux,et,[],[],"['https://pbs.twimg.com/media/FOVcxMDX0AMyRGl.jpg', 'https://pbs.twimg.com/media/FOVcxMFX0AcCmYc.jpg', 'https://pbs.twimg.com/media/FOVcxMEXoAYEmnR.jpg', 'https://pbs.twimg.com/media/FOVcxMsXEAIeuy3.jpg']",395,99,2857,['traveldiaries'],[],https://twitter.com/ReallySwara/status/1505711672241135621,False,,1,https://pbs.twimg.com/media/FOVcxMDX0AMyRGl.jpg,,,,,,,[],,,,
1505622243774193666,1505622243774193666,2022-03-21 00:38:10 IST,2022-03-21,00:38:10,+0530,1546101560,reallyswara,Swara Bhasker,,ğŸ’›ğŸ’›âœ¨âœ¨,und,[],[],[],433,1369,12132,[],[],https://twitter.com/ReallySwara/status/1505622243774193666,False,https://twitter.com/vinodkapri/status/1505602389365202950,0,,,,,,,,[],,,,
1505608510020726787,1505608510020726787,2022-03-20 23:43:36 IST,2022-03-20,23:43:36,+0530,1546101560,reallyswara,Swara Bhasker,,Love this idea.. Bless you Lolo! #NewEngland  https://t.co/KzxLiBi94y,en,[],[],"['https://pbs.twimg.com/media/FOT-9M2XMAUGghq.jpg', 'https://pbs.twimg.com/media/FOT-9M2XIAENWxc.jpg']",103,114,1976,['newengland'],[],https://twitter.com/ReallySwara/status/1505608510020726787,False,,1,https://pbs.twimg.com/media/FOT-9M2XMAUGghq.jpg,,,,,,,[],,,,
1505396442059452421,1505396442059452421,2022-03-20 09:40:55 IST,2022-03-20,09:40:55,+0530,1546101560,reallyswara,Swara Bhasker,,ğŸ˜¬ğŸ”¥,und,[],[],[],90,46,629,[],[],https://twitter.com/ReallySwara/status/1505396442059452421,False,https://twitter.com/jayantrld/status/1505160621129560069,0,,,,,,,,[],,,,
1505380659459764227,1505380659459764227,2022-03-20 08:38:12 IST,2022-03-20,08:38:12,+0530,1546101560,reallyswara,Swara Bhasker,,New England skies ğŸ’™ğŸ¤  https://t.co/Y6pA9vjXyz,en,[],[],"['https://pbs.twimg.com/media/FOQvuTgWUAA8Dhs.jpg', 'https://pbs.twimg.com/media/FOQvuTgWQAAU4R7.jpg']",286,98,3361,[],[],https://twitter.com/ReallySwara/status/1505380659459764227,False,,1,https://pbs.twimg.com/media/FOQvuTgWUAA8Dhs.jpg,,,,,,,[],,,,
1505333742306574342,1505333742306574342,2022-03-20 05:31:46 IST,2022-03-20,05:31:46,+0530,1546101560,reallyswara,Swara Bhasker,,ğŸ˜¬ğŸ˜‚ğŸ”¥  https://t.co/CIXFx8RC9I,und,[],[],['https://pbs.twimg.com/media/FOQFDfEXwAIJ2Lp.jpg'],650,836,7380,[],[],https://twitter.com/ReallySwara/status/1505333742306574342,False,,1,https://pbs.twimg.com/media/FOQFDfEXwAIJ2Lp.jpg,,,,,,,[],,,,
1505308732053458944,1505308732053458944,2022-03-20 03:52:23 IST,2022-03-20,03:52:23,+0530,1546101560,reallyswara,Swara Bhasker,,Thank you! :),en,[],[],[],17,16,197,[],[],https://twitter.com/ReallySwara/status/1505308732053458944,False,https://twitter.com/suchitrav/status/1505165001463676928,0,,,,,,,,[],,,,
1505308298265997317,1505308298265997317,2022-03-20 03:50:40 IST,2022-03-20,03:50:40,+0530,1546101560,reallyswara,Swara Bhasker,,Absolutely horrendous and unforgivable! Caste based violence is an epidemic in India that we must fight and raise our voices against! @ashokgehlot51 @SachinPilot,en,"[{'screen_name': 'ashokgehlot51', 'name': 'ashok gehlot', 'id': '385926583'}, {'screen_name': 'sachinpilot', 'name': 'sachin pilot', 'id': '2410755840'}]",[],[],119,379,1820,[],[],https://twitter.com/ReallySwara/status/1505308298265997317,False,https://twitter.com/ghaywan/status/1504813808757354505,0,,,,,,,,[],,,,
1505212222997471233,1505212222997471233,2022-03-19 21:28:54 IST,2022-03-19,21:28:54,+0530,1546101560,reallyswara,Swara Bhasker,,This thread. Now.,en,[],[],[],100,120,590,[],[],https://twitter.com/ReallySwara/status/1505212222997471233,False,https://twitter.com/MysticHeretica/status/1503805778230222850,0,,,,,,,,[],,,,
1505014084122648578,1505014084122648578,2022-03-19 08:21:34 IST,2022-03-19,08:21:34,+0530,1546101560,reallyswara,Swara Bhasker,,Starting the trip right.. Hitting all the food &amp; beverage recommendations ğŸ˜¬ğŸ’ğŸ¾â€â™€ï¸ğŸ¤— #foodfirst #NewYork  https://t.co/MQEF1kZsKQ,en,[],[],"['https://pbs.twimg.com/media/FOLiU_qXIAgjt9A.jpg', 'https://pbs.twimg.com/media/FOLiU_qXIAIwdEi.jpg', 'https://pbs.twimg.com/media/FOLiVAWXoAIUczN.jpg', 'https://pbs.twimg.com/media/FOLiVKLXsAIzCv8.jpg']",546,147,4378,"['foodfirst', 'newyork']",[],https://twitter.com/ReallySwara/status/1505014084122648578,False,,1,https://pbs.twimg.com/media/FOLiU_qXIAgjt9A.jpg,,,,,,,[],,,,
1505013105444761600,1505013105444761600,2022-03-19 08:17:40 IST,2022-03-19,08:17:40,+0530,1546101560,reallyswara,Swara Bhasker,,Looking forward! Congratulations âœ¨,en,[],[],[],16,12,183,[],[],https://twitter.com/ReallySwara/status/1505013105444761600,False,https://twitter.com/RahulNair8/status/1504734085461143554,0,,,,,,,,[],,,,
1504991765073625088,1504991765073625088,2022-03-19 06:52:52 IST,2022-03-19,06:52:52,+0530,1546101560,reallyswara,Swara Bhasker,,Well hello #NewYork ! â£ï¸  https://t.co/feGwGbbnxa,en,[],[],"['https://pbs.twimg.com/media/FOLN9FRUcAAHEiK.jpg', 'https://pbs.twimg.com/media/FOLN-pMVQAIMSey.jpg', 'https://pbs.twimg.com/media/FOLN_0UVIAEwe-G.jpg', 'https://pbs.twimg.com/media/FOLOBEKVUAQ37m8.jpg']",894,211,6863,['newyork'],[],https://twitter.com/ReallySwara/status/1504991765073625088,False,,1,https://pbs.twimg.com/media/FOLN9FRUcAAHEiK.jpg,,,,,,,[],,,,
1504962080176320513,1504962080176320513,2022-03-19 04:54:55 IST,2022-03-19,04:54:55,+0530,1546101560,reallyswara,Swara Bhasker,,Donâ€™t give them ideas! ğŸ˜¬ğŸ’ğŸ¾â€â™€ï¸,en,[],[],[],209,65,777,[],[],https://twitter.com/ReallySwara/status/1504962080176320513,False,https://twitter.com/DearthOfSid/status/1504734934073700357,0,,,,,,,,[],,,,
1504961880544194575,1504961880544194575,2022-03-19 04:54:07 IST,2022-03-19,04:54:07,+0530,1546101560,reallyswara,Swara Bhasker,,à¤‡à¤°à¤¶à¤¾à¤¦! :) âœ¨ğŸ™ğŸ½,hi,[],[],[],64,63,957,[],[],https://twitter.com/ReallySwara/status/1504961880544194575,False,https://twitter.com/Live_Gyan/status/1504894224528904193,0,,,,,,,,[],,,,
1504848024970928129,1504848024970928129,2022-03-18 21:21:42 IST,2022-03-18,21:21:42,+0530,1546101560,reallyswara,Swara Bhasker,,Indians and excess baggage.. an eternal romance! ğŸ™„ Happy happy Holi yaâ€™ll .. spent mine on a 16 hour flight ğŸ˜¬ğŸ’ğŸ¾â€â™€ï¸ğŸŒˆâœ¨â£ï¸  https://t.co/HLdJCkuikw,en,[],[],"['https://pbs.twimg.com/media/FOJLTKVXIAEqy9E.jpg', 'https://pbs.twimg.com/media/FOJLTK2WUAY980r.jpg']",908,197,5303,[],[],https://twitter.com/ReallySwara/status/1504848024970928129,False,,1,https://pbs.twimg.com/media/FOJLTKVXIAEqy9E.jpg,,,,,,,[],,,,
1504487113496330245,1504487113496330245,2022-03-17 21:27:34 IST,2022-03-17,21:27:34,+0530,1546101560,reallyswara,Swara Bhasker,,THANK YOU YES,en,[],[],[],105,63,733,[],[],https://twitter.com/ReallySwara/status/1504487113496330245,False,https://twitter.com/Raksha_Kumar/status/1504309052712828935,0,,,,,,,,[],,,,
1504218862337724416,1504218862337724416,2022-03-17 03:41:38 IST,2022-03-17,03:41:38,+0530,1546101560,reallyswara,Swara Bhasker,,When all else seems lost; bol Ke lab aazaad hain tere.. âœ¨  #faiz #therevolutionwillbeaccesorised #pendantwisdom  https://t.co/y55DMKWfWU,en,[],[],['https://pbs.twimg.com/media/FOAPE22acAAfx3i.jpg'],736,430,10411,"['faiz', 'therevolutionwillbeaccesorised', 'pendantwisdom']",[],https://twitter.com/ReallySwara/status/1504218862337724416,False,,1,https://pbs.twimg.com/media/FOAPE22acAAfx3i.jpg,,,,,,,[],,,,
1503833763771416580,1503833763771416580,2022-03-16 02:11:23 IST,2022-03-16,02:11:23,+0530,1546101560,reallyswara,Swara Bhasker,,Did the court just compare students to under-trial prisoners????? Am I reading this right?,en,[],[],[],329,221,1443,[],[],https://twitter.com/ReallySwara/status/1503833763771416580,False,https://twitter.com/gautambhatia88/status/1503630350576148481,0,,,,,,,,[],,,,
1503823738936078338,1503823738936078338,2022-03-16 01:31:33 IST,2022-03-16,01:31:33,+0530,1546101560,reallyswara,Swara Bhasker,,ğŸ˜‚ğŸ˜‚ğŸ˜‚ğŸ˜‚,und,[],[],[],46,36,429,[],[],https://twitter.com/ReallySwara/status/1503823738936078338,False,https://twitter.com/gautambhatia88/status/1503775940861640704,0,,,,,,,,[],,,,
1503651047788937216,1503651047788937216,2022-03-15 14:05:20 IST,2022-03-15,14:05:20,+0530,1546101560,reallyswara,Swara Bhasker,,Remembering the story of how Eklavya was denied an education because of his identity..,en,[],[],[],4725,2516,19762,[],[],https://twitter.com/ReallySwara/status/1503651047788937216,False,,0,,,,,,,,[],,,,
1503305986240651264,1503305986240651264,2022-03-14 15:14:11 IST,2022-03-14,15:14:11,+0530,1546101560,reallyswara,Swara Bhasker,,Brilliant ğŸ˜‚,en,[],[],[],94,162,2437,[],[],https://twitter.com/ReallySwara/status/1503305986240651264,False,https://twitter.com/ofnosurnamefame/status/1503002959495729157,0,,,,,,,,[],,,,
1503121489167790080,1503121489167790080,2022-03-14 03:01:04 IST,2022-03-14,03:01:04,+0530,1546101560,reallyswara,Swara Bhasker,,â€œà¤¸à¤¾à¤¨à¥ à¤šà¤¨à¥à¤¨ à¤®à¤¾à¤¹à¤¿à¤¯à¤¾à¤ à¤¤à¥‡à¤°à¥€ à¤ à¤—à¥à¤—à¤¿à¤¯à¤¾à¤‚ à¤¨à¥‡ à¤®à¤¾à¤°à¤¿à¤¯à¤¾â€ :) @cokestudio season 14 is ğŸ”¥,hi,"[{'screen_name': 'cokestudio', 'name': 'coke studio', 'id': '41097723'}]",[],[],85,77,1485,[],[],https://twitter.com/ReallySwara/status/1503121489167790080,False,,0,,,,,,,,[],,,,
1503100385266872323,1503100385266872323,2022-03-14 01:37:12 IST,2022-03-14,01:37:12,+0530,1546101560,reallyswara,Swara Bhasker,,Brilliant piece.. Lucid and mincing -no-words analysis by @prashantktm   https://t.co/cxf9Fejisf,en,"[{'screen_name': 'prashantktm', 'name': 'prashant jha', 'id': '346316391'}]",['https://www.hindustantimes.com/india-news/how-the-bjp-won-up-101646939996156.html'],[],257,74,516,[],[],https://twitter.com/ReallySwara/status/1503100385266872323,False,,0,,,,,,,,[],,,,
1503060613437980672,1503060613437980672,2022-03-13 22:59:10 IST,2022-03-13,22:59:10,+0530,1546101560,reallyswara,Swara Bhasker,,Oh ho! Matlab aag ğŸ”¥,nl,[],[],[],76,89,2047,[],[],https://twitter.com/ReallySwara/status/1503060613437980672,False,https://twitter.com/RichaChadha/status/1503045914193145860,0,,,,,,,,[],,,,
1503025764182405124,1503025764182405124,2022-03-13 20:40:41 IST,2022-03-13,20:40:41,+0530,1546101560,reallyswara,Swara Bhasker,,"â€œZindagi jhand baa, phir bhi ghamand baaâ€ ğŸ¤ªğŸ’ğŸ¾â€â™€ï¸ğŸ˜‚ #SoundOn #HaalatInLife #NoSwagLikeBihariSwag  https://t.co/GsaAKtEd7K",hi,[],[],[],863,351,5635,"['soundon', 'haalatinlife', 'noswaglikebihariswag']",[],https://twitter.com/ReallySwara/status/1503025764182405124,False,,1,https://pbs.twimg.com/ext_tw_video_thumb/1503025689007915008/pu/img/S77a46IBkJnXL8_X.jpg,,,,,,,[],,,,
1503000532578877440,1503000532578877440,2022-03-13 19:00:26 IST,2022-03-13,19:00:26,+0530,1546101560,reallyswara,Swara Bhasker,,Many many happy returns of the day to the wonderful @derekobrienmp sir! May you go long and go strong! More power ğŸ™ğŸ½âœ¨ Oh! And hope you have some fun along the way ğŸ¥³ğŸ¥³ğŸ¥³,en,"[{'screen_name': 'derekobrienmp', 'name': ""derek o'brien | à¦¡à§‡à¦°à§‡à¦• à¦“'à¦¬à§à¦°à¦¾à¦¯à¦¼à§‡à¦¨"", 'id': '120965579'}]",[],[],37,23,603,[],[],https://twitter.com/ReallySwara/status/1503000532578877440,False,,0,,,,,,,,[],,,,
1502998939020238849,1502998939020238849,2022-03-13 18:54:06 IST,2022-03-13,18:54:06,+0530,1546101560,reallyswara,Swara Bhasker,,I canâ€™t even.. ğŸ¤¯ğŸ¤¯ğŸ˜³ğŸ˜³,en,[],[],[],189,126,1266,[],[],https://twitter.com/ReallySwara/status/1502998939020238849,False,https://twitter.com/htTweets/status/1502847416076144642,0,,,,,,,,[],,,,
1502986814696865795,1502986814696865795,2022-03-13 18:05:55 IST,2022-03-13,18:05:55,+0530,1546101560,reallyswara,Swara Bhasker,,Well hello there beautiful ğŸ’›âœ¨,en,[],[],[],53,31,640,[],[],https://twitter.com/ReallySwara/status/1502986814696865795,False,https://twitter.com/_sayema/status/1502883467972939777,0,,,,,,,,[],,,,
1502983266789654535,1502983266789654535,2022-03-13 17:51:49 IST,2022-03-13,17:51:49,+0530,1546101560,reallyswara,Swara Bhasker,,If you want someone to congratulate you for the â€˜successâ€™ of your efforts.. maybe donâ€™t spend the last five years shitting on their heads.. ğŸ’ğŸ¾â€â™€ï¸ #justsaying,en,[],[],[],1698,260,3956,['justsaying'],[],https://twitter.com/ReallySwara/status/1502983266789654535,False,,0,,,,,,,,[],,,,
1502908390233702404,1502908390233702404,2022-03-13 12:54:17 IST,2022-03-13,12:54:17,+0530,1546101560,reallyswara,Swara Bhasker,,ğŸ’¯,und,[],[],[],61,20,315,[],[],https://twitter.com/ReallySwara/status/1502908390233702404,False,https://twitter.com/annavetticad/status/1502856017113059328,0,,,,,,,,[],,,,
1502903261627842561,1502903261627842561,2022-03-13 12:33:54 IST,2022-03-13,12:33:54,+0530,1546101560,reallyswara,Swara Bhasker,,Thread on IMDB ratings ..,en,[],[],[],1735,214,1828,[],[],https://twitter.com/ReallySwara/status/1502903261627842561,False,https://twitter.com/joyopal/status/1502885656267214850,0,,,,,,,,[],,,,
1502448652152819713,1502448652152819713,2022-03-12 06:27:27 IST,2022-03-12,06:27:27,+0530,1546101560,reallyswara,Swara Bhasker,, https://t.co/d9vZszRRRQ,und,[],['https://www.ndtv.com/world-news/saudi-blogger-activist-raif-badawi-freed-from-jail-after-10-years-2818374'],[],48,18,306,[],[],https://twitter.com/ReallySwara/status/1502448652152819713,False,,0,,,,,,,,[],,,,
1502372968630222848,1502372968630222848,2022-03-12 01:26:43 IST,2022-03-12,01:26:43,+0530,1546101560,reallyswara,Swara Bhasker,,#NewProfilePic  https://t.co/hlyuUsS6iU,und,[],[],['https://pbs.twimg.com/media/FNmAP7naIAA9F3g.jpg'],908,217,9717,['newprofilepic'],[],https://twitter.com/ReallySwara/status/1502372968630222848,False,,1,https://pbs.twimg.com/media/FNmAP7naIAA9F3g.jpg,,,,,,,[],,,,
1502372609186746376,1502372609186746376,2022-03-12 01:25:17 IST,2022-03-12,01:25:17,+0530,1546101560,reallyswara,Swara Bhasker,,Iâ€™m so sorry for your loss! Deepest condolences ğŸ™ğŸ½ğŸ™ğŸ½ğŸ™ğŸ½,en,[],[],[],83,103,1139,[],[],https://twitter.com/ReallySwara/status/1502372609186746376,False,https://twitter.com/hyzaidi/status/1502249444342915072,0,,,,,,,,[],,,,
1502236692954054659,1502236692954054659,2022-03-11 16:25:12 IST,2022-03-11,16:25:12,+0530,1546101560,reallyswara,Swara Bhasker,,Meanwhileâ€¦ ğŸ˜¬ğŸ˜¬ğŸ™€ğŸ™€,en,[],[],[],42,42,425,[],[],https://twitter.com/ReallySwara/status/1502236692954054659,False,https://twitter.com/PTI_News/status/1502219177850900480,0,,,,,,,,[],,,,
1502236469678665731,1502236469678665731,2022-03-11 16:24:19 IST,2022-03-11,16:24:19,+0530,1546101560,reallyswara,Swara Bhasker,,ğŸ”¥,und,[],[],[],28,9,237,[],[],https://twitter.com/ReallySwara/status/1502236469678665731,False,https://twitter.com/devduttmyth/status/1502225100518858755,0,,,,,,,,[],,,,
1502236172591898625,1502236172591898625,2022-03-11 16:23:08 IST,2022-03-11,16:23:08,+0530,1546101560,reallyswara,Swara Bhasker,,Wooohoooo! âœ¨ Love winning the world.. and on my birthday ğŸ¤“ğŸ¤—ğŸ¥³,en,[],[],[],49,29,528,[],[],https://twitter.com/ReallySwara/status/1502236172591898625,False,https://twitter.com/futterwackening/status/1502235344703352837,0,,,,,,,,[],,,,
1502209420717359105,1502209420717359105,2022-03-11 14:36:50 IST,2022-03-11,14:36:50,+0530,1546101560,reallyswara,Swara Bhasker,,â£ï¸â£ï¸â£ï¸,und,[],[],[],23,21,450,[],[],https://twitter.com/ReallySwara/status/1502209420717359105,False,https://twitter.com/ndtv/status/1502194097507168258,0,,,,,,,,[],,,,
1502192829459619843,1502192829459619843,2022-03-11 13:30:54 IST,2022-03-11,13:30:54,+0530,1546101560,reallyswara,Swara Bhasker,,BJP to Indian Voters.. ğŸ˜¬ğŸ¤ªğŸ˜¬ğŸ’ğŸ¾â€â™€ï¸ . . (Made you look!ğŸ¤ª)  https://t.co/S55pCxfE9G,en,[],[],[],503,206,3726,[],[],https://twitter.com/ReallySwara/status/1502192829459619843,False,,1,https://pbs.twimg.com/ext_tw_video_thumb/1502192786581630978/pu/img/qnxtMqqmIpJM7q-P.jpg,,,,,,,[],,,,
1502191376850505729,1502191376850505729,2022-03-11 13:25:08 IST,2022-03-11,13:25:08,+0530,1546101560,reallyswara,Swara Bhasker,,Ahahahahahhahahahahahahaaa! ğŸ˜‚ Thanks @birajpat,tl,"[{'screen_name': 'birajpat', 'name': 'biraj patnaik', 'id': '913765146790465536'}]",[],[],44,31,438,[],[],https://twitter.com/ReallySwara/status/1502191376850505729,False,https://twitter.com/sharjeel_sahab/status/1501914609594159104,0,,,,,,,,[],,,,
1502076976420376577,1502076976420376577,2022-03-11 05:50:33 IST,2022-03-11,05:50:33,+0530,1546101560,reallyswara,Swara Bhasker,,Brilliant mind!!!! ğŸ™ğŸ½âœŠğŸ½âœ¨,en,[],[],[],36,19,403,[],[],https://twitter.com/ReallySwara/status/1502076976420376577,False,https://twitter.com/tri_continental/status/1501738885118062592,0,,,,,,,,[],,,,
1502060806833606656,1502060806833606656,2022-03-11 04:46:17 IST,2022-03-11,04:46:17,+0530,1546101560,reallyswara,Swara Bhasker,,Brutal truths..,no,[],[],[],192,117,1284,[],[],https://twitter.com/ReallySwara/status/1502060806833606656,False,https://twitter.com/alishan_jafri/status/1501984607486443521,0,,,,,,,,[],,,,
1502038445501607936,1502038445501607936,2022-03-11 03:17:26 IST,2022-03-11,03:17:26,+0530,1546101560,reallyswara,Swara Bhasker,,à¤•à¤­à¥€ à¤•à¤­à¥€ à¤‰à¤®à¥à¤®à¥€à¤¦ à¤®à¤œà¤¬à¥‚à¤°à¥€ à¤¹à¥‹à¤¤à¥€ à¤¹à¥ˆ :),hi,[],[],[],1634,909,16125,[],[],https://twitter.com/ReallySwara/status/1502038445501607936,False,,0,,,,,,,,[],,,,
1502034151066976257,1502034151066976257,2022-03-11 03:00:22 IST,2022-03-11,03:00:22,+0530,1546101560,reallyswara,Swara Bhasker,,Happy happy anniversary to you both âœ¨,en,[],[],[],9,7,128,[],[],https://twitter.com/ReallySwara/status/1502034151066976257,False,https://twitter.com/meGauravDwivedi/status/1501627512237195265,0,,,,,,,,[],,,,
1501977079927422980,1501977079927422980,2022-03-10 23:13:35 IST,2022-03-10,23:13:35,+0530,1546101560,reallyswara,Swara Bhasker,,Many Congratulations @AamAadmiParty @ArvindKejriwal @BhagwantMann @raghav_chadha and teams for your staggering victory in #PunjabElections2022  Hope to see AAPâ€™s welfare and development focused governance in Punjab as well.. Chadh Di Kalaa!  ğŸ‘ğŸ½ğŸ‘ğŸ½ğŸ‘ğŸ½âœ¨âœ¨âœ¨ğŸ¥³ğŸ¥³ğŸ¥³,en,"[{'screen_name': 'aamaadmiparty', 'name': 'aap', 'id': '711694309'}, {'screen_name': 'arvindkejriwal', 'name': 'arvind kejriwal', 'id': '405427035'}, {'screen_name': 'bhagwantmann', 'name': 'bhagwant mann', 'id': '170396389'}, {'screen_name': 'raghav_chadha', 'name': 'raghav chadha', 'id': '98815583'}]",[],[],340,500,5501,['punjabelections2022'],[],https://twitter.com/ReallySwara/status/1501977079927422980,False,,0,,,,,,,,[],,,,
